"Item Name", "Item Link", "Item Thumb"
"Automatic ViewDistance","https://steamcommunity.com/sharedfiles/filedetails/?id=1544955993","https://steamuserimages-a.akamaihd.net/ugc/1640990305572218659/0B81B6F651797B442D414F0DA5F6A256061C4106/"
"Arma 3 Profiling Branch Companion Mod","https://steamcommunity.com/sharedfiles/filedetails/?id=2419451036","https://steamuserimages-a.akamaihd.net/ugc/1782883326004245289/C3F51F26FD42765DF25D67C78F2970942E199C83/"
"Better Inventory","https://steamcommunity.com/sharedfiles/filedetails/?id=2791403093","https://steamuserimages-a.akamaihd.net/ugc/1812145140779902648/D6781B7FB5942FB40537D4B53BE63BE9C3C67AAF/"
"Zeus Enhanced","https://steamcommunity.com/sharedfiles/filedetails/?id=1779063631","https://steamuserimages-a.akamaihd.net/ugc/1012688337454495071/1B3EFB602ADE48C765E56567B9F02C7F2F0E884F/"
"Zulu Headless Client (ZHC)","https://steamcommunity.com/sharedfiles/filedetails/?id=2450921295","https://steamuserimages-a.akamaihd.net/ugc/2310973676360369612/9B32BD5E608A2F800CB5FCDD1B6D198ED1FC6052/"
"Project - Future Vertical Lift","https://steamcommunity.com/sharedfiles/filedetails/?id=1686321576","https://steamuserimages-a.akamaihd.net/ugc/1763698086845418455/CA90D2521A4903BBE8C6BD2BFAD2FC91ADBDD17D/"
"Hatchet Framework - Stable Version","https://steamcommunity.com/sharedfiles/filedetails/?id=2941986336","https://steamuserimages-a.akamaihd.net/ugc/2055368227674988029/E1238202349DE4320D93F5E5E3E9CCA6086B9C1A/"
"Simple Suppress","https://steamcommunity.com/sharedfiles/filedetails/?id=2461607508","https://steamuserimages-a.akamaihd.net/ugc/1776085714407135042/DBDEAC531310C013F031D12F885BED3F0C38B304/"
"Mull of Kintyre","https://steamcommunity.com/sharedfiles/filedetails/?id=1982652717","https://steamuserimages-a.akamaihd.net/ugc/1011563587900071850/664025B216F2B3F4452C28C6A18D1FB86B7EF03D/"
"3CB BAF Weapons","https://steamcommunity.com/sharedfiles/filedetails/?id=893339590","https://steamuserimages-a.akamaihd.net/ugc/2410060308218294798/E1238202349DE4320D93F5E5E3E9CCA6086B9C1A/"
"Task Force Arrowhead Radio (BETA!!!)","https://steamcommunity.com/sharedfiles/filedetails/?id=894678801","https://steamuserimages-a.akamaihd.net/ugc/862858479874374130/B76C423DB01B1C06398E1A43F5E733F933B970A2/"
"CUP Vehicles","https://steamcommunity.com/sharedfiles/filedetails/?id=541888371","https://steamuserimages-a.akamaihd.net/ugc/772869688661233505/6663ECB13741B70479891439FF43B9A4BAF2CE76/"
"CUP Weapons","https://steamcommunity.com/sharedfiles/filedetails/?id=497660133","https://steamuserimages-a.akamaihd.net/ugc/766100671611183860/2B9D482C5FA7F72A8EDB6D4B2B3B6C80F4752B99/"
"Hatchet H-60 - No Over Torque","https://steamcommunity.com/sharedfiles/filedetails/?id=2801005195","https://steamuserimages-a.akamaihd.net/ugc/1826797116828437252/DC3CD430DFC7CBEE70C5D869FFA7D69312020425/"
"Crows Electronic Warfare","https://steamcommunity.com/sharedfiles/filedetails/?id=2515887728","https://steamuserimages-a.akamaihd.net/ugc/1915744587021517043/CA16D08765A508EC7C1655A03744D1A838BD33EB/"
"Advanced Towing","https://steamcommunity.com/sharedfiles/filedetails/?id=639837898","https://steamuserimages-a.akamaihd.net/ugc/321250900569403809/DDA1406629B3BE8667261DD39C74DCAF92C5F9B3/"
"LAMBS_Danger.fsm","https://steamcommunity.com/sharedfiles/filedetails/?id=1858075458","https://steamuserimages-a.akamaihd.net/ugc/781876320998142426/655DCFB88176B70C13691C3E48C4DEE00E2F861C/"
"RKSL Studios - Attachments v3.02","https://steamcommunity.com/sharedfiles/filedetails/?id=1661066023","https://steamuserimages-a.akamaihd.net/ugc/1627446421184810560/D1020E6B0C29090C74AA577C62885DB603821EEC/"
"CBA_A3","https://steamcommunity.com/sharedfiles/filedetails/?id=450814997","https://steamuserimages-a.akamaihd.net/ugc/1014940825593906790/E3A99D3EB1031126D7FFADCF6BBDA00FAA7FAFEC/"
"Metis Marker","https://steamcommunity.com/sharedfiles/filedetails/?id=1508091616","https://steamuserimages-a.akamaihd.net/ugc/1814393308115255571/54010C764C94CF45A768ACB084059D9CD3988DAB/"
"CUP Units","https://steamcommunity.com/sharedfiles/filedetails/?id=497661914","https://steamuserimages-a.akamaihd.net/ugc/766100671610525227/8FBD235EDAC76072CC4F37F5786EF8B2C7CF4F70/"
"ADF Re-Cut [Beta]","https://steamcommunity.com/sharedfiles/filedetails/?id=2971219389","https://steamuserimages-a.akamaihd.net/ugc/2386433715189288875/54B058057F076A2D6B6BB43A9834E54118C4EF8C/"
"ITC Land Systems","https://steamcommunity.com/sharedfiles/filedetails/?id=1388192893","https://steamuserimages-a.akamaihd.net/ugc/1009313965131644749/7299F582CADD73FDD2835F3993D0E98B56EA9096/"
"CUP Terrains - Maps","https://steamcommunity.com/sharedfiles/filedetails/?id=583544987","https://steamuserimages-a.akamaihd.net/ugc/767236446983929084/E6866F24F7AD0E4175AE1488649161A0934D41E9/"
"3CB BAF Units (ACE compatibility)","https://steamcommunity.com/sharedfiles/filedetails/?id=1135539579","https://steamuserimages-a.akamaihd.net/ugc/1841408985876468066/1B809F37DE9BF47A02495AF9A2C487C6C77C6A46/"
"ACE3 Arsenal Extended - Core","https://steamcommunity.com/sharedfiles/filedetails/?id=2522638637","https://steamuserimages-a.akamaihd.net/ugc/2144334696788750643/E605FB1CAC6C2F988868DFCB6364D5899C83A3CE/"
"3CB BAF Vehicles","https://steamcommunity.com/sharedfiles/filedetails/?id=893349825","https://steamuserimages-a.akamaihd.net/ugc/1841408985876391144/7A4F9A3D4D3A2A3FD8CE0F47A2CCE73D2E2E36D9/"
"Community Factions Project (CFP)","https://steamcommunity.com/sharedfiles/filedetails/?id=1369691841","https://steamuserimages-a.akamaihd.net/ugc/1667979388368870604/DBBFF037F03166AAE5B39F79D584AD3EF7EB076F/"
"LAMBS_Suppression","https://steamcommunity.com/sharedfiles/filedetails/?id=1808238502","https://steamuserimages-a.akamaihd.net/ugc/1011564306432243332/2B498E8D0645EEEFFDD6CD6D1B8FF30635FAEADB/"
"Immerse","https://steamcommunity.com/sharedfiles/filedetails/?id=825172265","https://steamuserimages-a.akamaihd.net/ugc/777370929489427144/B4696195E736E949DCA5B3482AA88CCCBD5AFD10/"
"Hatchet H-60 pack - Stable Version","https://steamcommunity.com/sharedfiles/filedetails/?id=1745501605","https://steamuserimages-a.akamaihd.net/ugc/1825670692720695021/14D78B29EE8BCD479F1C6C4178C7B0983F35E298/"
"KAT - Advanced Medical","https://steamcommunity.com/sharedfiles/filedetails/?id=2020940806","https://steamuserimages-a.akamaihd.net/ugc/2062126337926792551/8E6CE5904B7B8BB6BB5889EFC18D437DDC41F97D/"
"Gruppe Adler Trenches","https://steamcommunity.com/sharedfiles/filedetails/?id=1224892496","https://steamuserimages-a.akamaihd.net/ugc/2281699474480946760/B0389B48EBE4EABAFEA05CD45D8F4509E865886A/"
"Freestyles Crash Landing","https://steamcommunity.com/sharedfiles/filedetails/?id=2231150238","https://steamuserimages-a.akamaihd.net/ugc/1648843250608946452/29051BC3B05C9671099AF3E1AAE441335570558D/"
"Enhanced Movement Rework","https://steamcommunity.com/sharedfiles/filedetails/?id=2034363662","https://steamuserimages-a.akamaihd.net/ugc/1941632041740087398/C5A081683B48264BBD071B670D5F876575F1A48D/"
"Enhanced Movement","https://steamcommunity.com/sharedfiles/filedetails/?id=333310405","https://steamuserimages-a.akamaihd.net/ugc/88224496142496922/6C216C34816D7811B378AF32376584B8BE7C1F20/"
"DUI - Squad Radar","https://steamcommunity.com/sharedfiles/filedetails/?id=1638341685","https://steamuserimages-a.akamaihd.net/ugc/2256931234544301983/93EFFB14EBF19E9EA75C416F0888939F41F239BA/"
"ace","https://steamcommunity.com/sharedfiles/filedetails/?id=463939057","https://steamuserimages-a.akamaihd.net/ugc/964230428541162652/F7DC4A5DD2A4896E2D572D7E9E085489426FC64B/"
"BackpackOnChest - Redux","https://steamcommunity.com/sharedfiles/filedetails/?id=2372036642","https://steamuserimages-a.akamaihd.net/ugc/2497887564747420519/6D62C0FFDB4E96A14E235F99C8C189AC96AC5DEF/"
"CUP Terrains - Core","https://steamcommunity.com/sharedfiles/filedetails/?id=583496184","https://steamuserimages-a.akamaihd.net/ugc/954108744283705578/9057AFA885298D149510454FA270399226B50A9C/"
"3CB BAF Equipment","https://steamcommunity.com/sharedfiles/filedetails/?id=893328083","https://steamuserimages-a.akamaihd.net/ugc/1841409284089979849/C39391CFFFF0134B6FCAD7F0C63BF93808784EB8/"
"3CB BAF Units","https://steamcommunity.com/sharedfiles/filedetails/?id=893346105","https://steamuserimages-a.akamaihd.net/ugc/1841408985876463040/9D1C78FCAFF9B0A8657226F92C5709412992C89C/"
"[ASOT] Official Addons Mod","https://steamcommunity.com/sharedfiles/filedetails/?id=2461917699","https://steamuserimages-a.akamaihd.net/ugc/1689395677728193251/0642420DA0608DEBA0A4F34152B0A87ACB85670F/"
"Yet Another Arma Benchmark","https://steamcommunity.com/sharedfiles/filedetails/?id=375092418","https://steamuserimages-a.akamaihd.net/ugc/438322447934872057/D65B773B44CDCCDD58D220705EDDFDEF57DC2475/"
"Heli Landing Practice - Malden 2035","https://steamcommunity.com/sharedfiles/filedetails/?id=1984807345","https://steamuserimages-a.akamaihd.net/ugc/796510184547075318/21731EAE43AE0F55A7239336A736C92EC823390E/"
"Helicopter Landing Practice (2.0a)","https://steamcommunity.com/sharedfiles/filedetails/?id=179727207","https://steamuserimages-a.akamaihd.net/ugc/271725260038362868/3D386040A47E027FDB30F5DDDFD5FF5CF0E85175/"